{"seed":[58048,562,56286,11774,29601,49621,42837,23001,8007,62266,26502,25214],"turns":14,"p1":"Audinory~♥","p2":"DarkAngeallenq♫q","p1team":[{"name":"Mew","species":"Mew","gender":"N","item":"Leftovers","ability":"Synchronize","shiny":false,"level":100,"happiness":255,"evs":{"hp":252,"atk":0,"def":104,"spa":0,"spd":0,"spe":152},"ivs":{"hp":31,"atk":31,"def":31,"spa":31,"spd":31,"spe":31},"nature":"Impish","moves":["Defog","Soft-Boiled","Will-O-Wisp","Knock Off"]},{"name":"Altaria","species":"Altaria","gender":"M","item":"Altarianite","ability":"Natural Cure","shiny":false,"level":100,"happiness":255,"evs":{"hp":248,"atk":0,"def":104,"spa":0,"spd":156,"spe":0},"ivs":{"hp":31,"atk":31,"def":31,"spa":31,"spd":31,"spe":31},"nature":"Bold","moves":["Hyper Voice","Roost","Heal Bell","Flamethrower"]},{"name":"Gengar","species":"Gengar","gender":"M","item":"Life Orb","ability":"Levitate","shiny":false,"level":100,"happiness":255,"evs":{"hp":0,"atk":0,"def":0,"spa":252,"spd":4,"spe":252},"ivs":{"hp":31,"atk":31,"def":31,"spa":31,"spd":31,"spe":31},"nature":"Timid","moves":["Shadow Ball","Sludge Wave","Focus Blast","Taunt"]},{"name":"Tyranitar","species":"Tyranitar","gender":"M","item":"Leftovers","ability":"Sand Stream","shiny":false,"level":100,"happiness":255,"evs":{"hp":248,"atk":0,"def":80,"spa":0,"spd":180,"spe":0},"ivs":{"hp":31,"atk":31,"def":31,"spa":31,"spd":31,"spe":31},"nature":"Relaxed","moves":["Stealth Rock","Stone Edge","Ice Beam","Pursuit"]},{"name":"Serperior","species":"Serperior","gender":"M","item":"Life Orb","ability":"Contrary","shiny":false,"level":100,"happiness":255,"evs":{"hp":0,"atk":0,"def":0,"spa":252,"spd":4,"spe":252},"ivs":{"atk":30,"spa":30,"spe":30,"hp":31,"def":31,"spd":31},"nature":"Timid","moves":["Leaf Storm","Dragon Pulse","Hidden Power Fire","Giga Drain"]},{"name":"Weavile","species":"Weavile","gender":"M","item":"Life Orb","ability":"Pressure","shiny":false,"level":100,"happiness":255,"evs":{"hp":0,"atk":252,"def":4,"spa":0,"spd":0,"spe":252},"ivs":{"hp":31,"atk":31,"def":31,"spa":31,"spd":31,"spe":31},"nature":"Jolly","moves":["Ice Punch","Knock Off","Ice Shard","Low Kick"]}],"p2team":[{"name":"Mew","species":"Mew","gender":"N","item":"Leftovers","ability":"Synchronize","shiny":false,"level":100,"happiness":255,"evs":{"hp":252,"atk":0,"def":104,"spa":0,"spd":0,"spe":152},"ivs":{"hp":31,"atk":31,"def":31,"spa":31,"spd":31,"spe":31},"nature":"Impish","moves":["Defog","Soft-Boiled","Will-O-Wisp","Knock Off"]},{"name":"Crawdaunt","species":"Crawdaunt","gender":"M","item":"Life Orb","ability":"Adaptability","shiny":false,"level":100,"happiness":255,"evs":{"hp":0,"atk":252,"def":0,"spa":0,"spd":4,"spe":252},"ivs":{"hp":31,"atk":31,"def":31,"spa":31,"spd":31,"spe":31},"nature":"Jolly","moves":["Crabhammer","Knock Off","Aqua Jet","Swords Dance"]},{"name":"Keldeo","species":"Keldeo","gender":"N","item":"Salac Berry","ability":"Justified","shiny":false,"level":100,"happiness":255,"evs":{"hp":8,"atk":0,"def":0,"spa":248,"spd":0,"spe":252},"ivs":{"hp":31,"atk":31,"def":31,"spa":31,"spd":31,"spe":31},"nature":"Timid","moves":["Endeavor","Substitute","Hydro Pump","Secret Sword"]},{"name":"Pinsir","species":"Pinsir","gender":"M","item":"Pinsirite","ability":"Hyper Cutter","shiny":false,"level":100,"happiness":255,"evs":{"hp":0,"atk":252,"def":0,"spa":0,"spd":4,"spe":252},"ivs":{"hp":31,"atk":31,"def":31,"spa":31,"spd":31,"spe":31},"nature":"Jolly","moves":["Swords Dance","Return","Close Combat","Quick Attack"]},{"name":"Garchomp","species":"Garchomp","gender":"M","item":"Rocky Helmet","ability":"Rough Skin","shiny":false,"level":100,"happiness":255,"evs":{"hp":252,"atk":0,"def":164,"spa":0,"spd":76,"spe":16},"ivs":{"hp":31,"atk":31,"def":31,"spa":31,"spd":31,"spe":31},"nature":"Impish","moves":["Stealth Rock","Earthquake","Dragon Tail","Fire Blast"]},{"name":"Bisharp","species":"Bisharp","gender":"M","item":"Life Orb","ability":"Defiant","shiny":false,"level":100,"happiness":255,"evs":{"hp":0,"atk":252,"def":4,"spa":0,"spd":0,"spe":252},"ivs":{"hp":31,"atk":31,"def":31,"spa":31,"spd":31,"spe":31},"nature":"Jolly","moves":["Knock Off","Low Kick","Iron Head","Sucker Punch"]}],"log":["|player|p1|Audinory~♥|audinory.gif","|player|p2|DarkAngeallenq♫q|darkangeallenqq.png","|gametype|singles","|gen|6","|tier|Battle Factory","|rated","|seed|58048,562,56286,11774,29601,49621,42837,23001,8007,62266,26502,25214","|rule|Sleep Clause Mod: Limit one foe put to sleep","|clearpoke","|poke|p1|Mew|item","|poke|p1|Altaria, M|item","|poke|p1|Gengar, M|item","|poke|p1|Tyranitar, M|item","|poke|p1|Serperior, M|item","|poke|p1|Weavile, M|item","|poke|p2|Mew|item","|poke|p2|Crawdaunt, M|item","|poke|p2|Keldeo|item","|poke|p2|Pinsir, M|item","|poke|p2|Garchomp, M|item","|poke|p2|Bisharp, M|item","|rule|HP Percentage Mod: HP is shown in percentages","|rule|Mega Rayquaza Clause: You cannot mega evolve Rayquaza","|teampreview","|choice|team 4|team 6","|","|start","|switch|p1a: Tyranitar|Tyranitar, M|403/403","|switch|p2a: Bisharp|Bisharp, M|271/271","|-weather|Sandstorm|[from] ability: Sand Stream|[of] p1a: Tyranitar","|turn|1","|choice|move 1|move 3","|","|move|p2a: Bisharp|Iron Head|p1a: Tyranitar","|-supereffective|p1a: Tyranitar","|-damage|p1a: Tyranitar|107/403","|-damage|p2a: Bisharp|244/271|[from] item: Life Orb","|cant|p1a: Tyranitar|flinch","|","|-weather|Sandstorm|[upkeep]","|-heal|p1a: Tyranitar|132/403|[from] item: Leftovers","|turn|2","|choice|move 2|move 3","|","|move|p2a: Bisharp|Iron Head|p1a: Tyranitar","|-supereffective|p1a: Tyranitar","|-damage|p1a: Tyranitar|0 fnt","|-damage|p2a: Bisharp|217/271|[from] item: Life Orb","|faint|p1a: Tyranitar","|","|-weather|Sandstorm|[upkeep]","|choice|switch 5|","|","|switch|p1a: Serperior|Serperior, M|291/291","|turn|3","|choice|move 1|move 1","|","|move|p1a: Serperior|Leaf Storm|p2a: Bisharp","|-resisted|p2a: Bisharp","|-damage|p2a: Bisharp|87/271","|-boost|p1a: Serperior|spa|2","|-damage|p1a: Serperior|262/291|[from] item: Life Orb","|move|p2a: Bisharp|Knock Off|p1a: Serperior","|-damage|p1a: Serperior|48/291","|-enditem|p1a: Serperior|Life Orb|[from] move: Knock Off|[of] p2a: Bisharp","|-damage|p2a: Bisharp|60/271|[from] item: Life Orb","|","|-weather|Sandstorm|[upkeep]","|-damage|p1a: Serperior|30/291|[from] sandstorm","|turn|4","|choice|move 3|move 4","|","|move|p2a: Bisharp|Sucker Punch|p1a: Serperior","|-damage|p1a: Serperior|0 fnt","|-damage|p2a: Bisharp|33/271|[from] item: Life Orb","|faint|p1a: Serperior","|","|-weather|Sandstorm|[upkeep]","|choice|switch 2|","|","|switch|p1a: Altaria|Altaria, M|353/353","|turn|5","|choice|move 4|move 3","|","|move|p2a: Bisharp|Iron Head|p1a: Altaria","|-damage|p1a: Altaria|180/353","|-damage|p2a: Bisharp|6/271|[from] item: Life Orb","|cant|p1a: Altaria|flinch","|","|-weather|none","|turn|6","|choice|move 4|move 3","|","|move|p2a: Bisharp|Iron Head|p1a: Altaria","|-damage|p1a: Altaria|12/353","|-damage|p2a: Bisharp|0 fnt|[from] item: Life Orb","|faint|p2a: Bisharp","|move|p1a: Altaria|Flamethrower|p2: Bisharp|[notarget]","|-notarget","|","|choice||switch 4","|","|switch|p2a: Pinsir|Pinsir, M|271/271","|turn|7","|choice|move 2 mega|move 4 mega","|","|detailschange|p2a: Pinsir|Pinsir-Mega, M","|-mega|p2a: Pinsir|Pinsir|Pinsirite","|detailschange|p1a: Altaria|Altaria-Mega, M","|-mega|p1a: Altaria|Altaria|Altarianite","|move|p2a: Pinsir|Quick Attack|p1a: Altaria","|-damage|p1a: Altaria|0 fnt","|faint|p1a: Altaria","|","|choice|switch 3|","|","|switch|p1a: Gengar|Gengar, M|261/261","|turn|8","|choice|move 4|move 2","|","|move|p1a: Gengar|Taunt|p2a: Pinsir","|-start|p2a: Pinsir|move: Taunt","|move|p2a: Pinsir|Return|p1a: Gengar","|-damage|p1a: Gengar|0 fnt","|faint|p1a: Gengar","|","|choice|switch 6|","|","|switch|p1a: Weavile|Weavile, M|281/281","|-ability|p1a: Weavile|Pressure","|turn|9","|choice|move 1|move 4","|","|move|p2a: Pinsir|Quick Attack|p1a: Weavile","|-damage|p1a: Weavile|119/281","|move|p1a: Weavile|Ice Punch|p2a: Pinsir","|-supereffective|p2a: Pinsir","|-damage|p2a: Pinsir|6/271","|-damage|p1a: Weavile|91/281|[from] item: Life Orb","|","|turn|10","|choice|move 3|move 4","|","|move|p1a: Weavile|Ice Shard|p2a: Pinsir","|-supereffective|p2a: Pinsir","|-damage|p2a: Pinsir|0 fnt","|-damage|p1a: Weavile|63/281|[from] item: Life Orb","|faint|p2a: Pinsir","|","|choice||switch 5","|","|switch|p2a: Garchomp|Garchomp, M|420/420","|turn|11","|choice|move 3|move 1","|","|move|p1a: Weavile|Ice Shard|p2a: Garchomp","|-supereffective|p2a: Garchomp","|-damage|p2a: Garchomp|118/420","|-damage|p1a: Weavile|35/281|[from] item: Life Orb","|move|p2a: Garchomp|Stealth Rock|p1a: Weavile","|-sidestart|p1: Audinory~♥|move: Stealth Rock","|","|turn|12","|choice|move 3|move 3","|","|move|p1a: Weavile|Ice Shard|p2a: Garchomp","|-supereffective|p2a: Garchomp","|-damage|p2a: Garchomp|0 fnt","|-damage|p1a: Weavile|7/281|[from] item: Life Orb","|faint|p2a: Garchomp","|","|choice||switch 2","|","|switch|p2a: Crawdaunt|Crawdaunt, M|267/267","|turn|13","|choice|move 4|move 3","|","|move|p2a: Crawdaunt|Aqua Jet|p1a: Weavile","|-damage|p1a: Weavile|0 fnt","|-damage|p2a: Crawdaunt|241/267|[from] item: Life Orb","|faint|p1a: Weavile","|","|choice|switch 4|","|","|switch|p1a: Mew|Mew|404/404","|-damage|p1a: Mew|354/404|[from] Stealth Rock","|turn|14","|choice|move 3|move 2","|","|move|p1a: Mew|Will-O-Wisp|p2a: Crawdaunt|[miss]","|-miss|p1a: Mew|p2a: Crawdaunt","|move|p2a: Crawdaunt|Knock Off|p1a: Mew","|-supereffective|p1a: Mew","|-damage|p1a: Mew|0 fnt","|-enditem|p1a: Mew|Leftovers|[from] move: Knock Off|[of] p2a: Crawdaunt","|-damage|p2a: Crawdaunt|215/267|[from] item: Life Orb","|faint|p1a: Mew","|","|win|DarkAngeallenq♫q"],"p1rating":1000,"p2rating":1080.2835602905259,"endType":"normal"}