{"seed":[37720,31481,5511,19415,26190,24161,12243,22689,10326,61782,16908,60301],"turns":43,"p1":"Audinory~♥","p2":"purple❤️dragon24","p1team":[{"name":"Giratina","species":"Giratina-Origin","gender":"N","item":"Griseous Orb","ability":"Levitate","shiny":false,"level":100,"happiness":255,"evs":{"hp":0,"atk":244,"def":252,"spa":0,"spd":0,"spe":12},"ivs":{"hp":31,"atk":31,"def":31,"spa":31,"spd":31,"spe":31},"nature":"Adamant","moves":["Defog","Shadow Sneak","Dragon Tail","Shadow Force"]},{"name":"Tyranitar","species":"Tyranitar","gender":"M","item":"Shuca Berry","ability":"Sand Stream","shiny":false,"level":100,"happiness":255,"evs":{"hp":248,"atk":72,"def":0,"spa":0,"spd":188,"spe":0},"ivs":{"hp":31,"atk":31,"def":31,"spa":31,"spd":31,"spe":31},"nature":"Careful","moves":["Stealth Rock","Low Kick","Rock Slide","Thunder Wave"]},{"name":"Kyurem","species":"Kyurem-White","gender":"N","item":"Life Orb","ability":"Turboblaze","shiny":false,"level":100,"happiness":255,"evs":{"hp":0,"atk":0,"def":4,"spa":252,"spd":0,"spe":252},"ivs":{"hp":31,"atk":31,"def":31,"spa":31,"spd":31,"spe":31},"nature":"Timid","moves":["Draco Meteor","Ice Beam","Fusion Flare","Stone Edge"]},{"name":"Arceus","species":"Arceus-Steel","gender":"N","item":"Iron Plate","ability":"Multitype","shiny":false,"level":100,"happiness":255,"evs":{"hp":0,"atk":252,"def":4,"spa":0,"spd":0,"spe":252},"ivs":{"hp":31,"atk":31,"def":31,"spa":31,"spd":31,"spe":31},"nature":"Jolly","moves":["Swords Dance","Iron Head","Earthquake","Recover"]},{"name":"Shaymin","species":"Shaymin-Sky","gender":"N","item":"Life Orb","ability":"Serene Grace","shiny":false,"level":100,"happiness":255,"evs":{"hp":0,"atk":0,"def":0,"spa":252,"spd":4,"spe":252},"ivs":{"hp":31,"atk":31,"def":31,"spa":31,"spd":31,"spe":31},"nature":"Timid","moves":["Seed Flare","Air Slash","Earth Power","Healing Wish"]},{"name":"Sableye","species":"Sableye","gender":"M","item":"Sablenite","ability":"Prankster","shiny":false,"level":100,"happiness":255,"evs":{"hp":248,"atk":0,"def":252,"spa":0,"spd":8,"spe":0},"ivs":{"hp":31,"atk":31,"def":31,"spa":31,"spd":31,"spe":31},"nature":"Bold","moves":["Foul Play","Protect","Will-O-Wisp","Recover"]}],"p2team":[{"name":"Arceus","species":"Arceus-Fighting","gender":"N","item":"Fist Plate","ability":"Multitype","shiny":false,"level":100,"happiness":255,"evs":{"hp":0,"atk":0,"def":40,"spa":252,"spd":0,"spe":216},"ivs":{"hp":31,"atk":31,"def":31,"spa":31,"spd":31,"spe":31},"nature":"Modest","moves":["Judgment","Thunder Wave","Recover","Stone Edge"]},{"name":"Tyranitar","species":"Tyranitar","gender":"M","item":"Leftovers","ability":"Sand Stream","shiny":false,"level":100,"happiness":255,"evs":{"hp":248,"atk":0,"def":96,"spa":0,"spd":166,"spe":0},"ivs":{"hp":31,"atk":31,"def":31,"spa":31,"spd":31,"spe":31},"nature":"Careful","moves":["Stealth Rock","Pursuit","Rock Slide","Thunder Wave"]},{"name":"Greninja","species":"Greninja","gender":"M","item":"Focus Sash","ability":"Protean","shiny":false,"level":100,"happiness":255,"evs":{"hp":0,"atk":252,"def":4,"spa":0,"spd":0,"spe":252},"ivs":{"hp":31,"atk":31,"def":31,"spa":31,"spd":31,"spe":31},"nature":"Jolly","moves":["Toxic Spikes","Spikes","Taunt","Shadow Sneak"]},{"name":"Giratina","species":"Giratina","gender":"N","item":"Leftovers","ability":"Pressure","shiny":false,"level":100,"happiness":255,"evs":{"hp":248,"atk":0,"def":8,"spa":0,"spd":252,"spe":0},"ivs":{"hp":31,"atk":31,"def":31,"spa":31,"spd":31,"spe":31},"nature":"Careful","moves":["Rest","Sleep Talk","Will-O-Wisp","Roar"]},{"name":"Rayquaza","species":"Rayquaza","gender":"N","item":"Life Orb","ability":"Air Lock","shiny":false,"level":100,"happiness":255,"evs":{"hp":0,"atk":40,"def":0,"spa":252,"spd":0,"spe":216},"ivs":{"hp":31,"atk":31,"def":31,"spa":31,"spd":31,"spe":31},"nature":"Rash","moves":["Draco Meteor","Dragon Ascent","Extreme Speed","Earthquake"]},{"name":"Excadrill","species":"Excadrill","gender":"M","item":"Air Balloon","ability":"Sand Rush","shiny":false,"level":100,"happiness":255,"evs":{"hp":0,"atk":252,"def":4,"spa":0,"spd":0,"spe":252},"ivs":{"hp":31,"atk":31,"def":31,"spa":31,"spd":31,"spe":31},"nature":"Serious","moves":["Iron Head","Earthquake","Swords Dance","Rapid Spin"]}],"log":["|player|p1|Audinory~♥|audinory.gif","|player|p2|purple❤️dragon24|285","|gametype|singles","|gen|6","|tier|Battle Factory","|rated","|seed|37720,31481,5511,19415,26190,24161,12243,22689,10326,61782,16908,60301","|rule|Sleep Clause Mod: Limit one foe put to sleep","|clearpoke","|poke|p1|Giratina-Origin|item","|poke|p1|Tyranitar, M|item","|poke|p1|Kyurem-White|item","|poke|p1|Arceus-*|item","|poke|p1|Shaymin-Sky|item","|poke|p1|Sableye, M|item","|poke|p2|Arceus-*|item","|poke|p2|Tyranitar, M|item","|poke|p2|Greninja, M|item","|poke|p2|Giratina|item","|poke|p2|Rayquaza|item","|poke|p2|Excadrill, M|item","|rule|HP Percentage Mod: HP is shown in percentages","|rule|Mega Rayquaza Clause: You cannot mega evolve Rayquaza","|teampreview","|choice|team 4|team 2","|","|start","|switch|p1a: Arceus|Arceus-Steel|381/381","|switch|p2a: Tyranitar|Tyranitar, M|403/403","|-weather|Sandstorm|[from] ability: Sand Stream|[of] p2a: Tyranitar","|turn|1","|choice|move 1|switch 6","|","|switch|p2a: Excadrill|Excadrill, M|361/361","|-item|p2a: Excadrill|Air Balloon","|move|p1a: Arceus|Swords Dance|p1a: Arceus","|-boost|p1a: Arceus|atk|2","|","|-weather|Sandstorm|[upkeep]","|turn|2","|choice|move 2|move 2","|","|move|p2a: Excadrill|Earthquake|p1a: Arceus","|-supereffective|p1a: Arceus","|-damage|p1a: Arceus|79/381","|move|p1a: Arceus|Iron Head|p2a: Excadrill","|-resisted|p2a: Excadrill","|-crit|p2a: Excadrill","|-damage|p2a: Excadrill|19/361","|-enditem|p2a: Excadrill|Air Balloon","|","|-weather|Sandstorm|[upkeep]","|turn|3","|choice|switch 4|move 2","|","|switch|p1a: Giratina|Giratina-Origin|441/441","|move|p2a: Excadrill|Earthquake|p1a: Giratina","|-immune|p1a: Giratina|[msg]|[from] ability: Levitate","|","|-weather|Sandstorm|[upkeep]","|-damage|p1a: Giratina|414/441|[from] sandstorm","|turn|4","|choice|move 2|move 1","|","|move|p1a: Giratina|Shadow Sneak|p2a: Excadrill","|-damage|p2a: Excadrill|0 fnt","|faint|p2a: Excadrill","|","|-weather|Sandstorm|[upkeep]","|-damage|p1a: Giratina|387/441|[from] sandstorm","|choice||switch 4","|","|switch|p2a: Giratina|Giratina|503/503","|-ability|p2a: Giratina|Pressure","|turn|5","|choice|move 4|move 3","|","|move|p1a: Giratina|Shadow Force|p2a: Giratina|[still]","|-prepare|p1a: Giratina|Shadow Force|p2a: Giratina","|move|p2a: Giratina|Will-O-Wisp|p1a: Giratina|[miss]","|-miss|p2a: Giratina|p1a: Giratina","|","|-weather|none","|turn|6","|choice|move 1|switch 6","|","|switch|p2a: Tyranitar|Tyranitar, M|403/403","|-weather|Sandstorm|[from] ability: Sand Stream|[of] p2a: Tyranitar","|move|p1a: Giratina|Shadow Force|p2a: Tyranitar|[from]lockedmove","|-resisted|p2a: Tyranitar","|-damage|p2a: Tyranitar|286/403","|","|-weather|Sandstorm|[upkeep]","|-damage|p1a: Giratina|360/441|[from] sandstorm","|-heal|p2a: Tyranitar|311/403|[from] item: Leftovers","|turn|7","|choice|switch 3|move 1","|","|switch|p1a: Kyurem|Kyurem-White|391/391","|-ability|p1a: Kyurem|Turboblaze","|move|p2a: Tyranitar|Stealth Rock|p1a: Kyurem","|-sidestart|p1: Audinory~♥|move: Stealth Rock","|","|-weather|Sandstorm|[upkeep]","|-damage|p1a: Kyurem|367/391|[from] sandstorm","|-heal|p2a: Tyranitar|336/403|[from] item: Leftovers","|turn|8","|choice|move 2|move 3","|","|move|p1a: Kyurem|Ice Beam|p2a: Tyranitar","|-damage|p2a: Tyranitar|207/403","|-status|p2a: Tyranitar|frz","|-damage|p1a: Kyurem|328/391|[from] item: Life Orb","|cant|p2a: Tyranitar|frz","|","|-weather|Sandstorm|[upkeep]","|-damage|p1a: Kyurem|304/391|[from] sandstorm","|-heal|p2a: Tyranitar|232/403 frz|[from] item: Leftovers","|turn|9","|choice|move 2|move 3","|","|move|p1a: Kyurem|Ice Beam|p2a: Tyranitar","|-damage|p2a: Tyranitar|103/403 frz","|-damage|p1a: Kyurem|265/391|[from] item: Life Orb","|-curestatus|p2a: Tyranitar|frz","|move|p2a: Tyranitar|Rock Slide|p1a: Kyurem|[miss]","|-miss|p2a: Tyranitar|p1a: Kyurem","|","|-weather|Sandstorm|[upkeep]","|-damage|p1a: Kyurem|241/391|[from] sandstorm","|-heal|p2a: Tyranitar|128/403|[from] item: Leftovers","|turn|10","|choice|move 2|move 3","|","|move|p1a: Kyurem|Ice Beam|p2a: Tyranitar","|-damage|p2a: Tyranitar|2/403","|-damage|p1a: Kyurem|202/391|[from] item: Life Orb","|move|p2a: Tyranitar|Rock Slide|p1a: Kyurem","|-supereffective|p1a: Kyurem","|-damage|p1a: Kyurem|0 fnt","|faint|p1a: Kyurem","|","|-weather|none","|-heal|p2a: Tyranitar|27/403|[from] item: Leftovers","|choice|switch 4|","|","|switch|p1a: Arceus|Arceus-Steel|79/381","|-damage|p1a: Arceus|56/381|[from] Stealth Rock","|turn|11","|choice|move 4|move 4","|","|move|p1a: Arceus|Recover|p1a: Arceus","|-heal|p1a: Arceus|247/381","|move|p2a: Tyranitar|Thunder Wave|p1a: Arceus","|-status|p1a: Arceus|par","|","|-heal|p2a: Tyranitar|52/403|[from] item: Leftovers","|turn|12","|choice|move 3|switch 2","|","|switch|p2a: Arceus|Arceus-Fighting|381/381","|move|p1a: Arceus|Earthquake|p2a: Arceus","|-damage|p2a: Arceus|294/381","|","|turn|13","|choice|move 3|move 1","|","|move|p2a: Arceus|Judgment|p1a: Arceus","|-supereffective|p1a: Arceus","|-damage|p1a: Arceus|0 fnt","|faint|p1a: Arceus","|","|choice|switch 3|","|","|switch|p1a: Giratina|Giratina-Origin|360/441","|-damage|p1a: Giratina|305/441|[from] Stealth Rock","|turn|14","|choice|move 4|move 2","|","|move|p2a: Arceus|Thunder Wave|p1a: Giratina","|-status|p1a: Giratina|par","|cant|p1a: Giratina|par","|","|turn|15","|choice|move 4|move 4","|","|move|p2a: Arceus|Stone Edge|p1a: Giratina","|-damage|p1a: Giratina|242/441 par","|cant|p1a: Giratina|par","|","|turn|16","|choice|move 4|switch 3","|","|switch|p2a: Greninja|Greninja, M|285/285","|move|p1a: Giratina|Shadow Force|p2a: Greninja|[still]","|-prepare|p1a: Giratina|Shadow Force|p2a: Greninja","|","|turn|17","|choice|move 1|move 3","|","|move|p2a: Greninja|Taunt|p1a: Giratina|[miss]","|-start|p2a: Greninja|typechange|Dark|[from] Protean","|-miss|p2a: Greninja|p1a: Giratina","|move|p1a: Giratina|Shadow Force|p2a: Greninja|[from]lockedmove","|-resisted|p2a: Greninja","|-damage|p2a: Greninja|93/285","|","|turn|18","|choice|move 2|move 4","|","|move|p2a: Greninja|Shadow Sneak|p1a: Giratina","|-start|p2a: Greninja|typechange|Ghost|[from] Protean","|-supereffective|p1a: Giratina","|-damage|p1a: Giratina|158/441 par","|move|p1a: Giratina|Shadow Sneak|p2a: Greninja","|-supereffective|p2a: Greninja","|-damage|p2a: Greninja|0 fnt","|faint|p2a: Greninja","|","|choice||switch 6","|","|switch|p2a: Giratina|Giratina|503/503","|-ability|p2a: Giratina|Pressure","|turn|19","|choice|move 2|move 4","|","|move|p1a: Giratina|Shadow Sneak|p2a: Giratina","|-supereffective|p2a: Giratina","|-damage|p2a: Giratina|353/503","|move|p2a: Giratina|Roar|p1a: Giratina","|drag|p1a: Shaymin|Shaymin-Sky|341/341","|-damage|p1a: Shaymin|256/341|[from] Stealth Rock","|","|-heal|p2a: Giratina|384/503|[from] item: Leftovers","|turn|20","|choice|move 4|switch 5","|","|switch|p2a: Rayquaza|Rayquaza|351/351","|-ability|p2a: Rayquaza|Air Lock","|move|p1a: Shaymin|Healing Wish|p1a: Shaymin","|faint|p1a: Shaymin","|","|choice|switch 5|","|","|switch|p1a: Giratina|Giratina-Origin|158/441 par","|-heal|p1a: Giratina|441/441|[from] move: Healing Wish","|-damage|p1a: Giratina|386/441|[from] Stealth Rock","|turn|21","|choice|move 4|move 1","|","|move|p2a: Rayquaza|Draco Meteor|p1a: Giratina","|-supereffective|p1a: Giratina","|-damage|p1a: Giratina|0 fnt","|-unboost|p2a: Rayquaza|spa|2","|-damage|p2a: Rayquaza|316/351|[from] item: Life Orb","|faint|p1a: Giratina","|","|choice|switch 2|","|","|switch|p1a: Tyranitar|Tyranitar, M|403/403","|-damage|p1a: Tyranitar|353/403|[from] Stealth Rock","|-weather|Sandstorm|[from] ability: Sand Stream|[of] p1a: Tyranitar","|turn|22","|player|p2","|player|p2|purple❤️dragon24|285","|choice|move 4|move 4","|","|move|p2a: Rayquaza|Earthquake|p1a: Tyranitar","|-supereffective|p1a: Tyranitar","|-enditem|p1a: Tyranitar|Shuca Berry|[eat]","|-damage|p1a: Tyranitar|213/403","|-damage|p2a: Rayquaza|281/351|[from] item: Life Orb","|move|p1a: Tyranitar|Thunder Wave|p2a: Rayquaza","|-status|p2a: Rayquaza|par","|","|-weather|Sandstorm|[upkeep]","|turn|23","|choice|move 1|move 4","|","|move|p1a: Tyranitar|Stealth Rock|p2a: Rayquaza","|-sidestart|p2: purple❤️dragon24|move: Stealth Rock","|move|p2a: Rayquaza|Earthquake|p1a: Tyranitar","|-supereffective|p1a: Tyranitar","|-damage|p1a: Tyranitar|0 fnt","|-damage|p2a: Rayquaza|246/351 par|[from] item: Life Orb","|faint|p1a: Tyranitar","|","|-weather|Sandstorm|[upkeep]","|choice|switch 6|","|","|switch|p1a: Sableye|Sableye, M|303/303","|-damage|p1a: Sableye|266/303|[from] Stealth Rock","|turn|24","|choice|move 1|move 2","|","|move|p1a: Sableye|Foul Play|p2a: Rayquaza","|-damage|p2a: Rayquaza|53/351 par","|move|p2a: Rayquaza|Dragon Ascent|p1a: Sableye","|-damage|p1a: Sableye|35/303","|-unboost|p2a: Rayquaza|def|1","|-unboost|p2a: Rayquaza|spd|1","|-damage|p2a: Rayquaza|18/351 par|[from] item: Life Orb","|","|-weather|Sandstorm|[upkeep]","|turn|25","|choice|move 4|move 4","|","|move|p1a: Sableye|Recover|p1a: Sableye","|-heal|p1a: Sableye|187/303","|move|p2a: Rayquaza|Earthquake|p1a: Sableye","|-damage|p1a: Sableye|49/303","|-damage|p2a: Rayquaza|0 fnt|[from] item: Life Orb","|faint|p2a: Rayquaza","|","|-weather|Sandstorm|[upkeep]","|-damage|p1a: Sableye|31/303|[from] sandstorm","|choice||switch 5","|","|switch|p2a: Giratina|Giratina|384/503","|-damage|p2a: Giratina|322/503|[from] Stealth Rock","|-ability|p2a: Giratina|Pressure","|turn|26","|choice|move 2|move 3","|","|move|p1a: Sableye|Protect|p1a: Sableye","|-singleturn|p1a: Sableye|Protect","|move|p2a: Giratina|Will-O-Wisp|p1a: Sableye","|-activate|p1a: Sableye|Protect","|","|-weather|none","|-heal|p2a: Giratina|353/503|[from] item: Leftovers","|turn|27","|choice|move 3 mega|switch 3","|","|switch|p2a: Arceus|Arceus-Fighting|294/381","|-damage|p2a: Arceus|271/381|[from] Stealth Rock","|detailschange|p1a: Sableye|Sableye-Mega, M","|-mega|p1a: Sableye|Sableye|Sablenite","|move|p1a: Sableye|Will-O-Wisp|p2a: Arceus","|-status|p2a: Arceus|brn","|","|-damage|p2a: Arceus|224/381 brn|[from] brn","|turn|28","|choice|move 4|move 3","|","|move|p2a: Arceus|Recover|p2a: Arceus","|-heal|p2a: Arceus|381/381 brn","|move|p1a: Sableye|Recover|p1a: Sableye","|-heal|p1a: Sableye|183/303","|","|-damage|p2a: Arceus|334/381 brn|[from] brn","|turn|29","|choice|move 4|move 4","|","|move|p2a: Arceus|Stone Edge|p1a: Sableye","|-damage|p1a: Sableye|159/303","|move|p1a: Sableye|Recover|p1a: Sableye","|-heal|p1a: Sableye|303/303","|","|-damage|p2a: Arceus|287/381 brn|[from] brn","|turn|30","|choice|move 1|move 3","|","|move|p2a: Arceus|Recover|p2a: Arceus","|-heal|p2a: Arceus|381/381 brn","|move|p1a: Sableye|Foul Play|p2a: Arceus","|-resisted|p2a: Arceus","|-damage|p2a: Arceus|329/381 brn","|","|-damage|p2a: Arceus|282/381 brn|[from] brn","|turn|31","|choice|move 2|move 4","|","|move|p1a: Sableye|Protect|p1a: Sableye","|-singleturn|p1a: Sableye|Protect","|move|p2a: Arceus|Stone Edge|p1a: Sableye","|-activate|p1a: Sableye|Protect","|","|-damage|p2a: Arceus|235/381 brn|[from] brn","|turn|32","|choice|move 1|move 4","|","|move|p2a: Arceus|Stone Edge|p1a: Sableye|[miss]","|-miss|p2a: Arceus|p1a: Sableye","|move|p1a: Sableye|Foul Play|p2a: Arceus","|-resisted|p2a: Arceus","|-damage|p2a: Arceus|186/381 brn","|","|-damage|p2a: Arceus|139/381 brn|[from] brn","|turn|33","|choice|move 1|move 3","|","|move|p2a: Arceus|Recover|p2a: Arceus","|-heal|p2a: Arceus|330/381 brn","|move|p1a: Sableye|Foul Play|p2a: Arceus","|-resisted|p2a: Arceus","|-damage|p2a: Arceus|282/381 brn","|","|-damage|p2a: Arceus|235/381 brn|[from] brn","|turn|34","|choice|move 1|move 1","|","|move|p2a: Arceus|Judgment|p1a: Sableye","|-immune|p1a: Sableye|[msg]","|move|p1a: Sableye|Foul Play|p2a: Arceus","|-resisted|p2a: Arceus","|-damage|p2a: Arceus|187/381 brn","|","|-damage|p2a: Arceus|140/381 brn|[from] brn","|turn|35","|choice|move 1|move 3","|","|move|p2a: Arceus|Recover|p2a: Arceus","|-heal|p2a: Arceus|331/381 brn","|move|p1a: Sableye|Foul Play|p2a: Arceus","|-resisted|p2a: Arceus","|-damage|p2a: Arceus|283/381 brn","|","|-damage|p2a: Arceus|236/381 brn|[from] brn","|turn|36","|choice|move 1|move 2","|","|move|p2a: Arceus|Thunder Wave|p1a: Sableye","|move|p1a: Sableye|Thunder Wave|p2a: Arceus|[from]Magic Bounce","|-fail|p2a: Arceus","|move|p1a: Sableye|Foul Play|p2a: Arceus","|-resisted|p2a: Arceus","|-damage|p2a: Arceus|186/381 brn","|","|-damage|p2a: Arceus|139/381 brn|[from] brn","|turn|37","|choice|move 1|move 4","|","|move|p2a: Arceus|Stone Edge|p1a: Sableye","|-damage|p1a: Sableye|276/303","|move|p1a: Sableye|Foul Play|p2a: Arceus","|-resisted|p2a: Arceus","|-damage|p2a: Arceus|94/381 brn","|","|-damage|p2a: Arceus|47/381 brn|[from] brn","|turn|38","|choice|move 1|move 3","|","|move|p2a: Arceus|Recover|p2a: Arceus","|-heal|p2a: Arceus|238/381 brn","|move|p1a: Sableye|Foul Play|p2a: Arceus","|-resisted|p2a: Arceus","|-damage|p2a: Arceus|190/381 brn","|","|-damage|p2a: Arceus|143/381 brn|[from] brn","|turn|39","|choice|move 1|move 3","|","|move|p2a: Arceus|Recover|p2a: Arceus","|-heal|p2a: Arceus|334/381 brn","|move|p1a: Sableye|Foul Play|p2a: Arceus","|-resisted|p2a: Arceus","|-damage|p2a: Arceus|288/381 brn","|","|-damage|p2a: Arceus|241/381 brn|[from] brn","|turn|40","|choice|move 3|move 1","|","|move|p2a: Arceus|Judgment|p1a: Sableye","|-immune|p1a: Sableye|[msg]","|move|p1a: Sableye|Will-O-Wisp|p2a: Arceus","|-fail|p2a: Arceus|brn","|","|-damage|p2a: Arceus|194/381 brn|[from] brn","|turn|41","|choice|move 4|move 3","|","|move|p2a: Arceus|Recover|p2a: Arceus","|-heal|p2a: Arceus|381/381 brn","|move|p1a: Sableye|Recover|p1a: Sableye","|-heal|p1a: Sableye|303/303","|","|-damage|p2a: Arceus|334/381 brn|[from] brn","|turn|42","|choice|move 1|move 4","|","|move|p2a: Arceus|Stone Edge|p1a: Sableye","|-damage|p1a: Sableye|280/303","|move|p1a: Sableye|Foul Play|p2a: Arceus","|-resisted|p2a: Arceus","|-damage|p2a: Arceus|286/381 brn","|","|-damage|p2a: Arceus|239/381 brn|[from] brn","|turn|43","|","|tie"],"p1rating":1000,"p2rating":1000,"endType":"forced"}