{"seed":[13025,38803,24873,8017,46473,32635,39627,10316,17214,58298,51307,40608],"turns":20,"p1":"DarkAngeallenq♫q","p2":"Hirl123","p1team":[{"name":"Vullaby","species":"Vullaby","gender":"F","item":"Eviolite","ability":"Overcoat","shiny":false,"level":100,"happiness":255,"evs":{"hp":248,"atk":0,"def":8,"spa":0,"spd":252,"spe":0},"ivs":{"hp":31,"atk":31,"def":31,"spa":31,"spd":31,"spe":31},"nature":"Careful","moves":["Defog","Roost","U-turn","Foul Play"]},{"name":"Dusknoir","species":"Dusknoir","gender":"M","item":"Spell Tag","ability":"Frisk","shiny":false,"level":100,"happiness":255,"evs":{"hp":252,"atk":252,"def":4,"spa":0,"spd":0,"spe":0},"ivs":{"hp":31,"atk":31,"def":31,"spa":31,"spd":31,"spe":31},"nature":"Adamant","moves":["Shadow Sneak","Thunder Punch","Earthquake","Will-O-Wisp"]},{"name":"Metang","species":"Metang","gender":"N","item":"Eviolite","ability":"Clear Body","shiny":false,"level":100,"happiness":255,"evs":{"hp":248,"atk":0,"def":0,"spa":0,"spd":252,"spe":8},"ivs":{"hp":31,"atk":31,"def":31,"spa":31,"spd":31,"spe":31},"nature":"Careful","moves":["Meteor Mash","Stealth Rock","Toxic","Earthquake"]},{"name":"Kadabra","species":"Kadabra","gender":"M","item":"Focus Sash","ability":"Magic Guard","shiny":false,"level":100,"happiness":255,"evs":{"hp":0,"atk":0,"def":0,"spa":252,"spd":4,"spe":252},"ivs":{"def":30,"spa":30,"spd":30,"spe":30,"hp":31,"atk":31},"nature":"Timid","moves":["Psychic","Hidden Power Fighting","Thunder Wave","Encore"]},{"name":"Politoed","species":"Politoed","gender":"M","item":"Leftovers","ability":"Water Absorb","shiny":false,"level":100,"happiness":255,"evs":{"hp":252,"atk":0,"def":4,"spa":0,"spd":252,"spe":0},"ivs":{"hp":31,"atk":0,"def":31,"spa":31,"spd":31,"spe":31},"nature":"Calm","moves":["Perish Song","Scald","Toxic","Protect"]},{"name":"Fraxure","species":"Fraxure","gender":"M","item":"Eviolite","ability":"Mold Breaker","shiny":false,"level":100,"happiness":255,"evs":{"hp":0,"atk":252,"def":4,"spa":0,"spd":0,"spe":252},"ivs":{"hp":31,"atk":31,"def":31,"spa":31,"spd":31,"spe":31},"nature":"Jolly","moves":["Dragon Dance","Outrage","Low Kick","Dual Chop"]}],"p2team":[{"name":"Swanna","species":"Swanna","gender":"M","item":"Life Orb","ability":"Keen Eye","shiny":false,"level":100,"happiness":255,"evs":{"hp":0,"atk":0,"def":0,"spa":252,"spd":4,"spe":252},"ivs":{"hp":29,"atk":0,"def":31,"spa":31,"spd":31,"spe":31},"nature":"Timid","moves":["Defog","Roost","Scald","Hurricane"]},{"name":"Gabite","species":"Gabite","gender":"M","item":"Eviolite","ability":"Rough Skin","shiny":false,"level":100,"happiness":255,"evs":{"hp":248,"atk":220,"def":0,"spa":0,"spd":0,"spe":40},"ivs":{"hp":31,"atk":31,"def":31,"spa":31,"spd":31,"spe":31},"nature":"Adamant","moves":["Stealth Rock","Roar","Dragon Claw","Earthquake"]},{"name":"Zweilous","species":"Zweilous","gender":"M","item":"Eviolite","ability":"Hustle","shiny":false,"level":100,"happiness":255,"evs":{"hp":248,"atk":0,"def":8,"spa":0,"spd":252,"spe":0},"ivs":{"hp":31,"atk":31,"def":31,"spa":31,"spd":31,"spe":31},"nature":"Careful","moves":["Rest","Sleep Talk","Crunch","Dragon Tail"]},{"name":"Mr. Mime","species":"Mr. Mime","gender":"M","item":"Life Orb","ability":"Soundproof","shiny":false,"level":100,"happiness":255,"evs":{"hp":0,"atk":0,"def":0,"spa":252,"spd":4,"spe":252},"ivs":{"hp":29,"atk":0,"def":31,"spa":31,"spd":31,"spe":31},"nature":"Timid","moves":["Psychic","Dazzling Gleam","Focus Blast","Healing Wish"]},{"name":"Glalie","species":"Glalie","gender":"M","item":"Focus Sash","ability":"Inner Focus","shiny":false,"level":100,"happiness":255,"evs":{"hp":0,"atk":252,"def":0,"spa":4,"spd":0,"spe":252},"ivs":{"hp":31,"atk":31,"def":31,"spa":31,"spd":31,"spe":31},"nature":"Naive","moves":["Spikes","Taunt","Ice Beam","Explosion"]},{"name":"Raichu","species":"Raichu","gender":"M","item":"Choice Scarf","ability":"Lightning Rod","shiny":false,"level":100,"happiness":255,"evs":{"hp":0,"atk":0,"def":0,"spa":252,"spd":4,"spe":252},"ivs":{"hp":31,"atk":0,"def":30,"spa":31,"spd":31,"spe":31},"nature":"Modest","moves":["Thunderbolt","Volt Switch","Signal Beam","Focus Blast"]}],"log":["|player|p1|DarkAngeallenq♫q|darkangeallenqq.png","|player|p2|Hirl123|hirl123.gif","|gametype|singles","|gen|6","|tier|Battle Factory","|rated","|seed|13025,38803,24873,8017,46473,32635,39627,10316,17214,58298,51307,40608","|rule|Sleep Clause Mod: Limit one foe put to sleep","|clearpoke","|poke|p1|Vullaby, F|item","|poke|p1|Dusknoir, M|item","|poke|p1|Metang|item","|poke|p1|Kadabra, M|item","|poke|p1|Politoed, M|item","|poke|p1|Fraxure, M|item","|poke|p2|Swanna, M|item","|poke|p2|Gabite, M|item","|poke|p2|Zweilous, M|item","|poke|p2|Mr. Mime, M|item","|poke|p2|Glalie, M|item","|poke|p2|Raichu, M|item","|rule|HP Percentage Mod: HP is shown in percentages","|rule|Mega Rayquaza Clause: You cannot mega evolve Rayquaza","|teampreview","|choice|team 2|team 3","|","|start","|switch|p1a: Dusknoir|Dusknoir, M|294/294","|switch|p2a: Zweilous|Zweilous, M|347/347","|-item|p2a: Zweilous|Eviolite|[from] ability: Frisk|[of] p1a: Dusknoir|[identify]","|turn|1","|choice|move 4|move 3","|","|move|p2a: Zweilous|Crunch|p1a: Dusknoir|[miss]","|-miss|p2a: Zweilous|p1a: Dusknoir","|move|p1a: Dusknoir|Will-O-Wisp|p2a: Zweilous","|-status|p2a: Zweilous|brn","|","|-damage|p2a: Zweilous|304/347 brn|[from] brn","|turn|2","|choice|switch 2|move 3","|","|switch|p1a: Vullaby|Vullaby, F|343/343","|move|p2a: Zweilous|Crunch|p1a: Vullaby","|-resisted|p1a: Vullaby","|-damage|p1a: Vullaby|318/343","|","|-damage|p2a: Zweilous|261/347 brn|[from] brn","|turn|3","|choice|move 4|move 1","|","|move|p1a: Vullaby|Foul Play|p2a: Zweilous","|-resisted|p2a: Zweilous","|-damage|p2a: Zweilous|219/347 brn","|move|p2a: Zweilous|Rest|p2a: Zweilous","|-status|p2a: Zweilous|slp","|-heal|p2a: Zweilous|347/347 slp|[silent]","|-status|p2a: Zweilous|slp|[from] move: Rest","|","|turn|4","|choice|move 3|move 2","|","|move|p1a: Vullaby|U-turn|p2a: Zweilous","|-supereffective|p2a: Zweilous","|-damage|p2a: Zweilous|285/347 slp","|choice|switch 6|","|","|switch|p1a: Fraxure|Fraxure, M|273/273","|-ability|p1a: Fraxure|Mold Breaker","|cant|p2a: Zweilous|slp","|move|p2a: Zweilous|Sleep Talk|p2a: Zweilous","|move|p2a: Zweilous|Rest|p2a: Zweilous|[from]Sleep Talk","|-fail|p2a: Zweilous","|","|turn|5","|choice|move 1|move 2","|","|move|p1a: Fraxure|Dragon Dance|p1a: Fraxure","|-boost|p1a: Fraxure|atk|1","|-boost|p1a: Fraxure|spe|1","|cant|p2a: Zweilous|slp","|move|p2a: Zweilous|Sleep Talk|p2a: Zweilous","|move|p2a: Zweilous|Rest|p2a: Zweilous|[from]Sleep Talk","|-fail|p2a: Zweilous","|","|turn|6","|choice|move 4|move 4","|","|move|p1a: Fraxure|Dual Chop|p2a: Zweilous","|-supereffective|p2a: Zweilous","|-damage|p2a: Zweilous|115/347 slp","|-supereffective|p2a: Zweilous","|-damage|p2a: Zweilous|0 fnt","|-hitcount|p2a: Zweilous|2","|faint|p2a: Zweilous","|","|choice||switch 4","|","|switch|p2a: Mr. Mime|Mr. Mime, M|219/219","|turn|7","|choice|switch 3|move 2","|","|switch|p1a: Metang|Metang|323/323","|move|p2a: Mr. Mime|Dazzling Gleam|p1a: Metang","|-resisted|p1a: Metang","|-damage|p1a: Metang|276/323","|-damage|p2a: Mr. Mime|198/219|[from] item: Life Orb","|","|turn|8","|choice|move 3|move 3","|","|move|p2a: Mr. Mime|Focus Blast|p1a: Metang","|-damage|p1a: Metang|195/323","|-damage|p2a: Mr. Mime|177/219|[from] item: Life Orb","|move|p1a: Metang|Toxic|p2a: Mr. Mime","|-status|p2a: Mr. Mime|tox","|","|-damage|p2a: Mr. Mime|164/219 tox|[from] psn","|turn|9","|choice|move 1|move 3","|","|move|p2a: Mr. Mime|Focus Blast|p1a: Metang","|-damage|p1a: Metang|105/323","|-damage|p2a: Mr. Mime|143/219 tox|[from] item: Life Orb","|move|p1a: Metang|Meteor Mash|p2a: Mr. Mime","|-supereffective|p2a: Mr. Mime","|-damage|p2a: Mr. Mime|0 fnt","|-boost|p1a: Metang|atk|1","|faint|p2a: Mr. Mime","|","|choice||switch 2","|","|switch|p2a: Gabite|Gabite, M|339/339","|turn|10","|choice|move 1|move 4","|","|move|p2a: Gabite|Earthquake|p1a: Metang","|-supereffective|p1a: Metang","|-damage|p1a: Metang|0 fnt","|faint|p1a: Metang","|","|choice|switch 6|","|","|switch|p1a: Vullaby|Vullaby, F|318/343","|turn|11","|choice|move 4|move 1","|","|move|p2a: Gabite|Stealth Rock|p1a: Vullaby","|-sidestart|p1: DarkAngeallenq♫q|move: Stealth Rock","|move|p1a: Vullaby|Foul Play|p2a: Gabite","|-damage|p2a: Gabite|213/339","|-damage|p1a: Vullaby|276/343|[from] ability: Rough Skin|[of] p2a: Gabite","|","|turn|12","|choice|move 4|move 3","|","|move|p2a: Gabite|Dragon Claw|p1a: Vullaby","|-damage|p1a: Vullaby|179/343","|move|p1a: Vullaby|Foul Play|p2a: Gabite","|-crit|p2a: Gabite","|-damage|p2a: Gabite|0 fnt","|-damage|p1a: Vullaby|137/343|[from] ability: Rough Skin|[of] p2a: Gabite","|faint|p2a: Gabite","|","|choice||switch 5","|","|switch|p2a: Glalie|Glalie, M|301/301","|turn|13","|choice|switch 5|move 3","|","|switch|p1a: Politoed|Politoed, M|384/384","|-damage|p1a: Politoed|336/384|[from] Stealth Rock","|move|p2a: Glalie|Ice Beam|p1a: Politoed","|-resisted|p1a: Politoed","|-damage|p1a: Politoed|301/384","|","|-heal|p1a: Politoed|325/384|[from] item: Leftovers","|turn|14","|choice|move 3|move 2","|","|move|p2a: Glalie|Taunt|p1a: Politoed","|-start|p1a: Politoed|move: Taunt","|cant|p1a: Politoed|move: Taunt|Toxic","|","|-heal|p1a: Politoed|349/384|[from] item: Leftovers","|turn|15","|choice|move 2|move 1","|","|move|p2a: Glalie|Spikes|p1a: Politoed","|-sidestart|p1: DarkAngeallenq♫q|Spikes","|move|p1a: Politoed|Scald|p2a: Glalie","|-damage|p2a: Glalie|190/301","|","|-heal|p1a: Politoed|373/384|[from] item: Leftovers","|turn|16","|choice|move 2|move 4","|","|move|p2a: Glalie|Explosion|p1a: Politoed","|-damage|p1a: Politoed|119/384","|faint|p2a: Glalie","|move|p1a: Politoed|Scald|p2: Glalie|[notarget]","|-notarget","|","|-heal|p1a: Politoed|143/384|[from] item: Leftovers","|-end|p1a: Politoed|move: Taunt","|choice||switch 6","|","|switch|p2a: Raichu|Raichu, M|261/261","|turn|17","|choice|move 2|move 1","|","|move|p2a: Raichu|Thunderbolt|p1a: Politoed","|-supereffective|p1a: Politoed","|-damage|p1a: Politoed|0 fnt","|faint|p1a: Politoed","|","|choice|switch 3|","|","|switch|p1a: Fraxure|Fraxure, M|273/273","|-damage|p1a: Fraxure|239/273|[from] Spikes","|-damage|p1a: Fraxure|205/273|[from] Stealth Rock","|-ability|p1a: Fraxure|Mold Breaker","|turn|18","|choice|move 1|switch 3","|","|switch|p2a: Swanna|Swanna, M|289/289","|move|p1a: Fraxure|Dragon Dance|p1a: Fraxure","|-boost|p1a: Fraxure|atk|1","|-boost|p1a: Fraxure|spe|1","|","|turn|19","|choice|move 4|move 4","|","|move|p1a: Fraxure|Dual Chop|p2a: Swanna","|-damage|p2a: Swanna|156/289","|-damage|p2a: Swanna|15/289","|-hitcount|p2a: Swanna|2","|move|p2a: Swanna|Hurricane|p1a: Fraxure","|-damage|p1a: Fraxure|0 fnt","|-damage|p2a: Swanna|0 fnt|[from] item: Life Orb","|faint|p1a: Fraxure","|faint|p2a: Swanna","|","|choice|switch 2|switch 3","|","|switch|p2a: Raichu|Raichu, M|261/261","|switch|p1a: Dusknoir|Dusknoir, M|294/294","|-damage|p1a: Dusknoir|258/294|[from] Stealth Rock","|-damage|p1a: Dusknoir|222/294|[from] Spikes","|-item|p2a: Raichu|Choice Scarf|[from] ability: Frisk|[of] p1a: Dusknoir|[identify]","|turn|20","|choice|move 3|move 1","|","|move|p2a: Raichu|Thunderbolt|p1a: Dusknoir","|-damage|p1a: Dusknoir|123/294","|move|p1a: Dusknoir|Earthquake|p2a: Raichu","|-supereffective|p2a: Raichu","|-damage|p2a: Raichu|0 fnt","|faint|p2a: Raichu","|","|win|DarkAngeallenq♫q"],"p1rating":1045,"p2rating":1000,"endType":"normal"}