{"seed":[46129,61124,25034,33404,5167,43544,43997,30145,11256,54343,44186,32914],"turns":20,"p1":"purple❤️dragon24","p2":"Hirl123","p1team":[{"name":"Lanturn","species":"Lanturn","moves":["hydropump","hiddenpowergrass","thunderwave","voltswitch"],"ability":"Volt Absorb","evs":{"hp":85,"atk":0,"def":85,"spa":85,"spd":85,"spe":85},"ivs":{"hp":31,"atk":0,"def":31,"spa":30,"spd":31,"spe":31},"item":"Life Orb","level":81,"shiny":false},{"name":"Zekrom","species":"Zekrom","moves":["honeclaws","boltstrike","roost","dragonclaw"],"ability":"Teravolt","evs":{"hp":85,"atk":85,"def":85,"spa":85,"spd":85,"spe":85},"ivs":{"hp":31,"atk":31,"def":31,"spa":31,"spd":31,"spe":31},"item":"Air Balloon","level":73,"shiny":false},{"name":"Stunfisk","species":"Stunfisk","moves":["discharge","rest","sleeptalk","earthpower"],"ability":"Static","evs":{"hp":85,"atk":0,"def":85,"spa":85,"spd":85,"spe":85},"ivs":{"hp":31,"atk":0,"def":31,"spa":31,"spd":31,"spe":31},"item":"Leftovers","level":83,"shiny":false},{"name":"Thundurus","species":"Thundurus","moves":["thunderwave","focusblast","substitute","thunderbolt"],"ability":"Prankster","evs":{"hp":85,"atk":0,"def":85,"spa":85,"spd":85,"spe":85},"ivs":{"hp":31,"atk":0,"def":31,"spa":31,"spd":31,"spe":31},"item":"Leftovers","level":75,"shiny":false},{"name":"Eelektross","species":"Eelektross","moves":["thunderbolt","flamethrower","aquatail","uturn"],"ability":"Levitate","evs":{"hp":85,"atk":85,"def":85,"spa":85,"spd":85,"spe":85},"ivs":{"hp":31,"atk":31,"def":31,"spa":31,"spd":31,"spe":31},"item":"Expert Belt","level":79,"shiny":false},{"name":"Luxray","species":"Luxray","moves":["wildcharge","voltswitch","superpower","crunch"],"ability":"Intimidate","evs":{"hp":85,"atk":85,"def":85,"spa":85,"spd":85,"spe":85},"ivs":{"hp":31,"atk":31,"def":31,"spa":31,"spd":31,"spe":31},"item":"Expert Belt","level":83,"shiny":false}],"p2team":[{"name":"Venusaur","species":"Venusaur","moves":["gigadrain","hiddenpowerfire","earthquake","synthesis"],"ability":"Chlorophyll","evs":{"hp":85,"atk":85,"def":85,"spa":85,"spd":85,"spe":85},"ivs":{"hp":31,"atk":30,"def":31,"spa":30,"spd":31,"spe":30},"item":"Venusaurite","level":75,"shiny":false},{"name":"Swalot","species":"Swalot","moves":["painsplit","yawn","encore","sludgebomb"],"ability":"Sticky Hold","evs":{"hp":85,"atk":0,"def":85,"spa":85,"spd":85,"spe":85},"ivs":{"hp":31,"atk":0,"def":31,"spa":31,"spd":31,"spe":31},"item":"Black Sludge","level":83,"shiny":false},{"name":"Weezing","species":"Weezing","moves":["protect","willowisp","sludgebomb","toxicspikes"],"ability":"Levitate","evs":{"hp":85,"atk":0,"def":85,"spa":85,"spd":85,"spe":85},"ivs":{"hp":31,"atk":0,"def":31,"spa":31,"spd":31,"spe":31},"item":"Black Sludge","level":81,"shiny":false},{"name":"Roserade","species":"Roserade","moves":["synthesis","toxicspikes","sleeppowder","leafstorm"],"ability":"Natural Cure","evs":{"hp":85,"atk":0,"def":85,"spa":85,"spd":85,"spe":85},"ivs":{"hp":31,"atk":0,"def":31,"spa":31,"spd":31,"spe":31},"item":"Black Sludge","level":77,"shiny":false},{"name":"Venomoth","species":"Venomoth","moves":["sleeppowder","sludgebomb","quiverdance","bugbuzz"],"ability":"Tinted Lens","evs":{"hp":85,"atk":0,"def":85,"spa":85,"spd":85,"spe":85},"ivs":{"hp":31,"atk":0,"def":31,"spa":31,"spd":31,"spe":31},"item":"Black Sludge","level":78,"shiny":false},{"name":"Gengar","species":"Gengar","moves":["sludgewave","substitute","disable","willowisp"],"ability":"Levitate","evs":{"hp":85,"atk":0,"def":85,"spa":85,"spd":85,"spe":85},"ivs":{"hp":31,"atk":0,"def":31,"spa":31,"spd":31,"spe":31},"item":"Black Sludge","level":75,"shiny":false}],"log":["|player|p1|purple❤️dragon24|285","|player|p2|Hirl123|hirl123.gif","|gametype|singles","|gen|6","|tier|Monotype Random Inverse","|rated","|seed|46129,61124,25034,33404,5167,43544,43997,30145,11256,54343,44186,32914","|rule|Same Type Clause: Pokémon in a team must share a type","|rule|Sleep Clause Mod: Limit one foe put to sleep","|rule|HP Percentage Mod: HP is shown in percentages","|","|start","|switch|p1a: Lanturn|Lanturn, L81, F|335/335","|switch|p2a: Venusaur|Venusaur, L75, M|244/244","|turn|1","|choice|move 2|move 2 mega","|","|detailschange|p2a: Venusaur|Venusaur-Mega, L75, M","|-mega|p2a: Venusaur|Venusaur|Venusaurite","|move|p2a: Venusaur|Hidden Power|p1a: Lanturn","|-supereffective|p1a: Lanturn","|-damage|p1a: Lanturn|239/335","|move|p1a: Lanturn|Hidden Power|p2a: Venusaur","|-supereffective|p2a: Venusaur","|-damage|p2a: Venusaur|98/244","|-damage|p1a: Lanturn|206/335|[from] item: Life Orb","|","|turn|2","|choice|move 2|move 4","|","|move|p2a: Venusaur|Synthesis|p2a: Venusaur","|-heal|p2a: Venusaur|220/244","|move|p1a: Lanturn|Hidden Power|p2a: Venusaur","|-supereffective|p2a: Venusaur","|-damage|p2a: Venusaur|80/244","|-damage|p1a: Lanturn|173/335|[from] item: Life Orb","|","|turn|3","|choice|move 4|move 4","|","|move|p2a: Venusaur|Synthesis|p2a: Venusaur","|-heal|p2a: Venusaur|202/244","|move|p1a: Lanturn|Volt Switch|p2a: Venusaur","|-supereffective|p2a: Venusaur","|-damage|p2a: Venusaur|69/244","|-damage|p1a: Lanturn|140/335|[from] item: Life Orb","|choice|switch 4|","|","|switch|p1a: Thundurus|Thundurus, L75, M|242/242","|","|turn|4","|choice|move 4|move 1","|","|move|p1a: Thundurus|Thunderbolt|p2a: Venusaur","|-supereffective|p2a: Venusaur","|-damage|p2a: Venusaur|0 fnt","|faint|p2a: Venusaur","|","|choice||switch 5","|","|switch|p2a: Venomoth|Venomoth, L78, M|237/237","|turn|5","|choice|move 2|move 3","|","|move|p1a: Thundurus|Focus Blast|p2a: Venomoth|[miss]","|-miss|p1a: Thundurus|p2a: Venomoth","|move|p2a: Venomoth|Quiver Dance|p2a: Venomoth","|-boost|p2a: Venomoth|spa|1","|-boost|p2a: Venomoth|spd|1","|-boost|p2a: Venomoth|spe|1","|","|turn|6","|choice|move 2|move 4","|","|move|p2a: Venomoth|Bug Buzz|p1a: Thundurus","|-supereffective|p1a: Thundurus","|-damage|p1a: Thundurus|0 fnt","|faint|p1a: Thundurus","|","|choice|switch 6|","|","|switch|p1a: Luxray|Luxray, L83, M|268/268","|-ability|p1a: Luxray|Intimidate|boost","|-unboost|p2a: Venomoth|atk|1","|turn|7","|choice|move 3|move 1","|","|move|p2a: Venomoth|Sleep Powder|p1a: Luxray","|-status|p1a: Luxray|slp","|cant|p1a: Luxray|slp","|","|turn|8","|choice|move 3|move 4","|","|move|p2a: Venomoth|Bug Buzz|p1a: Luxray","|-crit|p1a: Luxray","|-damage|p1a: Luxray|78/268 slp","|cant|p1a: Luxray|slp","|","|turn|9","|choice|move 3|move 4","|","|move|p2a: Venomoth|Bug Buzz|p1a: Luxray","|-damage|p1a: Luxray|0 fnt","|faint|p1a: Luxray","|","|choice|switch 5|","|","|switch|p1a: Eelektross|Eelektross, L79, F|264/264","|turn|10","|choice|move 4|move 2","|","|move|p2a: Venomoth|Sludge Bomb|p1a: Eelektross","|-damage|p1a: Eelektross|125/264","|-status|p1a: Eelektross|psn","|move|p1a: Eelektross|U-turn|p2a: Venomoth","|-supereffective|p2a: Venomoth","|-damage|p2a: Venomoth|79/237","|choice|switch 2|","|","|switch|p1a: Zekrom|Zekrom, L73|266/266","|-ability|p1a: Zekrom|Teravolt","|-item|p1a: Zekrom|Air Balloon","|","|-heal|p2a: Venomoth|93/237|[from] item: Black Sludge","|turn|11","|choice|move 4|move 4","|","|move|p2a: Venomoth|Bug Buzz|p1a: Zekrom","|-crit|p1a: Zekrom","|-damage|p1a: Zekrom|94/266","|-enditem|p1a: Zekrom|Air Balloon","|move|p1a: Zekrom|Dragon Claw|p2a: Venomoth","|-damage|p2a: Venomoth|0 fnt","|faint|p2a: Venomoth","|","|choice||switch 4","|","|switch|p2a: Roserade|Roserade, L77, F|219/219","|turn|12","|choice|move 3|move 4","|","|move|p2a: Roserade|Leaf Storm|p1a: Zekrom","|-supereffective|p1a: Zekrom","|-damage|p1a: Zekrom|0 fnt","|-unboost|p2a: Roserade|spa|2","|faint|p1a: Zekrom","|","|choice|switch 4|","|","|switch|p1a: Lanturn|Lanturn, L81, F|140/335","|turn|13","|choice|move 4|switch 3","|","|switch|p2a: Weezing|Weezing, L81, M|238/238","|move|p1a: Lanturn|Volt Switch|p2a: Weezing","|-damage|p2a: Weezing|144/238","|-damage|p1a: Lanturn|107/335|[from] item: Life Orb","|choice|switch 2|","|","|switch|p1a: Eelektross|Eelektross, L79, F|125/264 psn","|","|-heal|p2a: Weezing|158/238|[from] item: Black Sludge","|-damage|p1a: Eelektross|92/264 psn|[from] psn","|turn|14","|choice|move 4|move 3","|","|move|p2a: Weezing|Sludge Bomb|p1a: Eelektross","|-damage|p1a: Eelektross|0 fnt","|faint|p1a: Eelektross","|","|-heal|p2a: Weezing|172/238|[from] item: Black Sludge","|choice|switch 3|","|","|switch|p1a: Stunfisk|Stunfisk, L83, F|317/317","|turn|15","|choice|move 1|move 3","|","|move|p2a: Weezing|Sludge Bomb|p1a: Stunfisk","|-supereffective|p1a: Stunfisk","|-damage|p1a: Stunfisk|177/317","|-status|p1a: Stunfisk|psn","|move|p1a: Stunfisk|Discharge|p2a: Weezing","|-damage|p2a: Weezing|88/238","|","|-heal|p2a: Weezing|102/238|[from] item: Black Sludge","|-heal|p1a: Stunfisk|196/317 psn|[from] item: Leftovers","|-damage|p1a: Stunfisk|157/317 psn|[from] psn","|turn|16","|choice|move 2|move 3","|","|move|p2a: Weezing|Sludge Bomb|p1a: Stunfisk","|-supereffective|p1a: Stunfisk","|-damage|p1a: Stunfisk|17/317 psn","|move|p1a: Stunfisk|Rest|p1a: Stunfisk","|-status|p1a: Stunfisk|slp","|-heal|p1a: Stunfisk|317/317 slp|[silent]","|-status|p1a: Stunfisk|slp|[from] move: Rest","|","|-heal|p2a: Weezing|116/238|[from] item: Black Sludge","|turn|17","|choice|move 3|move 3","|","|move|p2a: Weezing|Sludge Bomb|p1a: Stunfisk","|-supereffective|p1a: Stunfisk","|-damage|p1a: Stunfisk|179/317 slp","|cant|p1a: Stunfisk|slp","|move|p1a: Stunfisk|Sleep Talk|p1a: Stunfisk","|move|p1a: Stunfisk|Earth Power|p2a: Weezing|[from]Sleep Talk","|-immune|p2a: Weezing|[msg]|[from] ability: Levitate","|","|-heal|p2a: Weezing|130/238|[from] item: Black Sludge","|-heal|p1a: Stunfisk|198/317 slp|[from] item: Leftovers","|turn|18","|choice|move 3|move 3","|","|move|p2a: Weezing|Sludge Bomb|p1a: Stunfisk","|-supereffective|p1a: Stunfisk","|-damage|p1a: Stunfisk|54/317 slp","|cant|p1a: Stunfisk|slp","|move|p1a: Stunfisk|Sleep Talk|p1a: Stunfisk","|move|p1a: Stunfisk|Rest|p1a: Stunfisk|[from]Sleep Talk","|-fail|p1a: Stunfisk","|","|-heal|p2a: Weezing|144/238|[from] item: Black Sludge","|-heal|p1a: Stunfisk|73/317 slp|[from] item: Leftovers","|turn|19","|choice|move 2|move 3","|","|move|p2a: Weezing|Sludge Bomb|p1a: Stunfisk","|-supereffective|p1a: Stunfisk","|-damage|p1a: Stunfisk|0 fnt","|faint|p1a: Stunfisk","|","|-heal|p2a: Weezing|158/238|[from] item: Black Sludge","|choice|switch 2|","|","|switch|p1a: Lanturn|Lanturn, L81, F|107/335","|turn|20","|choice|move 2|move 3","|","|move|p1a: Lanturn|Hidden Power|p2a: Weezing","|-supereffective|p2a: Weezing","|-damage|p2a: Weezing|57/238","|-damage|p1a: Lanturn|74/335|[from] item: Life Orb","|move|p2a: Weezing|Sludge Bomb|p1a: Lanturn","|-damage|p1a: Lanturn|0 fnt","|faint|p1a: Lanturn","|","|win|Hirl123"],"p1rating":1000,"p2rating":1045,"endType":"normal"}