[
{"title":"Lobby","isOfficial":true,"autojoin":true,"modchat":false,"introMessage":"<div style=\"border-top: 1px, solid, deeppink ; border-right: 1px, solid, deeppink ; border-left: 1px, solid, deeppink ; background-color: deeppink ; background-size: 100%; background-repeat: no-repeat ; width: 85% ; height: 310px; float: left;\"></div><div style=\"border-left: 0px, solid, rgba(0,0,0,0) ; border-bottom: 0px, solid, rgba(0,0,0,0) ; background-color: rgb(5,5,5) ; color: white ; border-top: 1px, solid, deeppink ; border-right: 1px, solid, deeppink ; width: 14.2% ; height: 292.75px ; float: right ;\"><center style=\"font-size: 15px ; text-decoration: underline ;\">Links</center><br><center style=\"font-size: 14px\"><div style=\"border-top: solid, 1px, deeppink ; border-bottom: solid, 1px, deeppink ; width: 85% ;\"><button class=\"astext\" name=\"send\" value=\"/rules\">Rules</button></div><div style=\"border-bottom: solid, 1px, deeppink ; width: 85% ;\"><a style=\"font-size: 13px; color: white; text-decoration: none;\" href=\"https://sablette.wufoo.com/forms/xm0206p1qmd8cp/\">Avatar Form</a></div><div style=\"border-bottom: solid, 1px, deeppink ; width: 85% ; padding: 3px ;\"><button class=\"astext\" name=\"send\" value=\"/staff\">Staff List</button></div><br><center style=\"font-size: 15px ; text-decoration: underline ;\">Room(s)</center><br><div style=\"border-top: solid, 1px, deeppink ; border-bottom: solid, 1px, deeppink ; width: 85% ;\"><button class=\"astext\" name=\"joinRoom\" value=\"Tournaments\">Tours</button></div><div style=\"border-bottom: solid, 1px, deeppink ; width: 85% ; padding: 3px ;\"><button class=\"astext\" name=\"joinRoom\" value=\"games\">Games</button></div><div style=\"border-bottom: solid, 1px, deeppink ; width: 85% ; padding: 3px ;\"><button class=\"astext\" name=\"joinRoom\" value=\"Shitpostlobby\">Shitpost</button></div><button class=\"astext\" name=\"send\" value=\"Fairy Types are Number One!&#10;Better Than Dark Thats for Sure!&#10;Fuck Your Dragon Types Too~♥!!\"><img src=\"http://pokemonshowdownfixed-serperiorbae.c9users.io/avatars/felicide.gif\" width=\"55\" height=\"55\"</button></center></div><div style=\"background-color: rgb(5,5,5) ; border: 1px, solid, deeppink ; width: 99.6%; height: 309px;\" alt=\"Leave this DIV Blank. It is for spacing\"></div><div style=\"background-color: rgb(5,5,5) ; color: white ; border-bottom: 1px, solid, deeppink ; border-right: 1px, solid, deeppink ; border-left: 1px, solid, deeppink ; width: 99.7% ; height: 90px ;\"><center><b>Welcome to Ironic.</b> <br>Isn't it Ironic that this server exists and is pretty much like other private servers. We're different tho!<br><br>If you'd like a custom Avatar please fill out the form and Notify <i>TheVixen or BrokenHope</i></center></div>","auth":{"vacate":"★","popplior":"★","mystifi":"#","alliancedarkrai":"+","audinory":"★","terminalhydreigon":"&","hitorihanza":"%"},"staffMessage":".","desc":"This room will be deleted at the next Server Restart.","toursEnabled":true,"user":"Audinory","aliases":["cancer"],"banwords":[]},
{"title":"Staff","isPrivate":true,"staffRoom":true,"staffAutojoin":true,"introMessage":"<div class=\"broadcast-red\"><center><font size=\"6\">Staffroom</font><div class=\"broadcast-green\"<center>It's a fucking staffroom.</center><br><br><div style=\"border: white, solid, 1px ; border-collapse: collapse;\">Dear Vacate Senpai, <br>If you are reading this it means I forgot to ask you about the acceptableness of some commands that I'm unaware of if we're allowed to use or not, some of which exist on mains code and others which exist through Boilerplate or other means of access. I have attached below this a list of commands and have given you Roomowner in here. If you could be so kind as to just mark yes, no in the stafftopic~♥<br><ul><li>/a - This is as you know  secret sysop command.</li><li>/sudo - allows you to have a user do a certain command ; no pms, no nick, no logout, no refresh etc.</li><li>To have a rigged dice when you give out bucks like sweets and they have no value attached to them here.</li></div><br></div></center></div>","modchat":false,"staffMessage":"<table style=\"border: ridge, white, 1px; border-collapse: collapse;\"><th style=\"border: ridge, white, 1px; border-collapse: collapse;\">Command</th><th style=\"border: ridge, white, 1px; border-collapse: collapse;\">Allowance?</th><tr><td style=\"border: ridge, white, 1px; border-collapse: collapse;\">/a</td><td style=\"border: ridge, white, 1px; border-collapse: collapse;\"></td><tr><td style=\"border: ridge, white, 1px; border-collapse: collapse;\">/sudo</td><td style=\"border: ridge, white, 1px; border-collapse: collapse;\"></td><tr><td style=\"border: ridge, white, 1px; border-collapse: collapse;\">Rigged Dice for Fun</td><td style=\"border: ridge, white, 1px; border-collapse: collapse;\"></td></table>","auth":{"thefiremage":"#","audinory":"#"},"leagueauth":{},"founder":"audinory","isLeague":true,"isOpen":true},
{"title":"Shitpost Lobby","auth":{"mystifi":"#","felicide":"★","ausarbot":"@","ransei":"@","hurricaned":"%","hirl123":"&","sylviebot":"@","terminalhydreigon":"@","purpledragon24":"%","thequazzle":"&"},"isOfficial":true,"introMessage":"<div class=\"broadcast-red\" style=\"padding: 3px 5px;\"><strong>Attention: this room will be deleted shortly.</strong><br />This room was either advertised, house to shitposting, or inactive. This room will be deleted by the next server restart.</div><center><button name=\"receive\" value=\"|c|~Felicide|▒▒▒░░░░░░░░░░▄▐░░░░&#10;|c|~Felicide ♥|▒░░░░░░▄▄▄░░▄██▄░░░&#10;|c|~Felicide ♥|░░░░░░▐▀█▀▌░░░░▀█▄░&#10;|c|~Felicide ♥|░░░░░░▐█▄█▌░░░░░░▀█▄&#10;|c|~Felicide ♥|░░░░░░░▀▄▀░░░▄▄▄▄▄▀▀&#10;|c|~Felicide ♥|░░░░░▄▄▄██▀▀▀▀░░░░░&#10;|c|~Felicide ♥|░░░░█▀▄▄▄█░▀▀░░░░░░&#10;|c|~Felicide ♥|░░░░▌░▄▄▄▐▌▀▀▀░░░░░&#10;|c|~Felicide ♥|░▄░▐░░░▄▄░█░▀▀░░░░░&#10;|c|~Felicide ♥|░▀█▌░░░▄░▀█▀░▀░░░░░&#10;|c|~Felicide ♥|░░░░░░░░▄▄▐▌▄▄░░░░░&#10;|c|~Felicide ♥|░░░░░░░░▀███▀█░▄░░░&#10;|c|~Felicide ♥|░░░░░░░▐▌▀▄▀▄▀▐▄░░░&#10;|c|~Felicide ♥|░░░░░░░▐▀░░░░░░▐▌░░&#10;|c|~Felicide ♥|░░░░░░░█░░░░░░░░█░░&#10;|c|~Felicide ♥|░░░░░░▐▌░░░░░░░░░█░ \">Dank 1.0</button>&emsp;&emsp;<button name=\"receive\" value=\"|c|~Felicide ♥|░░░░░░░░▄▄▄▀▀▀▄▄███▄░░░░░░░░░░░░░░░░░ &#10;|c|~Felicide ♥|░░░░░▄▀▀░░░░░░░▐░▀██▌░░░░░░░░░░░░░░░░ &#10;|c|~Felicide ♥|░░░▄▀░░░░▄▄███░▌▀▀░▀█░░░░░░░░░░░░░░░░ &#10;|c|~Felicide ♥|░░▄█░░▄▀▀▒▒▒▒▒▄▐░░░░█▌░░░░░░░░░░░░░░░ &#10;|c|~Felicide ♥|░▐█▀▄▀▄▄▄▄▀▀▀▀▌░░░░░▐█▄░░░░░░░░░░░░░░ &#10;|c|~Felicide ♥|░▌▄▄▀▀░░░░░░░░▌░░░░▄███████▄░░░░░░░░░ &#10;|c|~Felicide ♥|░░░░░░░░░░░░░▐░░░░▐███████████▄░░░░░░ &#10;|c|~Felicide ♥|░░░░░le░░░░░░░▐░░░░▐█████████████▄░░░ &#10;|c|~Felicide ♥|░░░░toucan░░░░░░▀▄░░░▐██████████████▄ &#10;|c|~Felicide ♥|░░░░░░has░░░░░░░░▀▄▄████████████████▄ &#10;|c|~Felicide ♥|░░░░░arrived░░░░░░░░░░░░█▀██████░░░░░ \">Dank 2.0</button></center>","aliases":["thehappyplace","thp"],"desc":"This is for shitposting"},
{"title":"Terminal's Lair","auth":{"terminalhydreigon":"#","hirl123":"&"},"introMessage":"<div style=\"background-image: url('https://i.kinja-img.com/gawker-media/image/upload/h4gkl5veeosm6ogzzudm.gif'); width: 100%; height: 300px; background-size: 100%; background-position: center; background-repeat: no-repeat;\"><div style=\"background-image: url('http://i.imgur.com/bYQxzaw.png'); width: 307px; height: 241px; background-size: 100%; float: right;\"></div><br><br><br><br><br><br><br><br><br><br><br><br><div style=\"background-image: url('http://26.media.tumblr.com/tumblr_liusppIGdS1qfyz1jo1_500.gif'); width: 100px; height: 100px; background-size: 100%; float: left;\"></div></div><div style=\"color: #01579B; background-color: purple; border: solid, 1px, #00C853; width: 99.75%; \"><marquee>Welcome To Terminal's Lair!</marquee></div><audio style=\"width: 100%;\" src=\"http://puu.sh/kdQxh/0e82aadc2e.mp3\" controls=\"\">","aliases":["terminalscave"],"desc":"Terms Cave"},
{"title":"Felicides Den","modchat":"+","modjoin":"~","isPrivate":"hidden","introMessage":"<div style=\"background-color: blue; width: 100%; height: 300px;\"><div style=\"background-color: green; width: 65%; height: 60%; float: left;\"></div><div style=\"background-color: green; width: 30%; height: 75%; float: right;\"></div><br><br><br><br><br><br><br><br><br><br><br><br><div style=\"background-color: red; width: 65%; height: 30%; float: left;\"></div></div>"},
{"title":"showderp","modchat":"+","isPrivate":"hidden"},
{"title":"Games","desc":"GAMING TIME","introMessage":"<div style=\"background-image: url('http://i.kinja-img.com/gawker-media/image/upload/xs1sdog0n1t5nrtyn8ny.jpg'); width: 100%; height: 310px; background-size: 100%; background-position: center; background-repeat: no-repeat;\"><div style=\"background-image: url('http://i.imgur.com/sAwJ191.png'); width: 307px; height: 100px; background-size: 100%; float: right;\"></div><br><br><br><br><br><br><br><br><br><br><br><br><div style=\"background-image: url('http://i.imgur.com/YT4qPv7.png'); width: 500px; height: 125px; background-size: 100%; float: center;\"></div></div><div style=\"font-size: 15px; color: lime; background-color: white; border: solid, 1px, lime; width: 99.75%; \"><marquee>Let The Games Begin! Your hosts are TerminalHydreigon and Audinory!</marquee></div><audio style=\"width: 100%; \" src=\"http://puu.sh/kdQxh/0e82aadc2e.mp3\" controls=\"\">","auth":{"terminalhydreigon":"#","hirl123":"+","mrlegal":"+","ransei":"+","darkangeallenqq":"+","audinory":"+","focusblasted":"+","mystifi":"+","kingdeacon":"+"},"modchat":false},
{"title":"CAP","auth":{"hurricaned":"#","spiritanaysha":"&","shivamrustagi":"%","spiritteressa":"@"},"aliases":["createapoke","createapokemon"],"introMessage":"<div style=\"border: #951abe, solid, 1px\"><div style=\"background-color: black ; float: left ; width: 19.7% ; height: 250px ; color: #d482ee ; font-size: 15px ; \"><center>Useful Links<br><br><div style=\"padding: 3px ; border-top: #951abe, solid, 1px ; border-bottom: #951abe, solid, 1px ; width: 85% \"><a href=\"http://www.smogon.com/forums/forums/cap-metagame.311/\" style=\"text-decoration: none;\">Cap Meta</a></div><div style=\"padding: 3px ; border-bottom: #951abe, solid, 1px ; width: 85% \"><a href=\"www.smogon.com/forums/forums/create-a-pokémon-project.66/\" style=\"text-decoration: none;\">Cap Forum</a></div><div style=\"padding: 3px ; border-bottom: #951abe, solid, 1px ; width: 85% \"><a href=\"http://www.smogon.com/forums/forums/cap-concept-workshop.328/\" style=\"text-decoration: none\">Cap Submit</a></div><div style=\"padding: 3px ; border-bottom: #951abe, solid, 1px ; width: 85% \"><a href=\"http://www.smogon.com/cap/articles/newcomers_guide\" text-decoration: none;\">Cap Guide</a></div><img src=\"http://www.smogon.com/media/forums/avatars/tomohawk.gif\" width=\"107\" height=\"100\"></center></div><div style=\"border-left: #951abe, solid, 1px ; background-image: url('http://www.smogon.com/smog/issue31/capsincap_krillodoom.png') ; background-size: 400px 250px ; background-position: left ; background-repeat: no-repeat ; float: right ; width: 80% ; height: 250px ;\"><img src=\"//i.imgur.com/u1D0d33.png\" width=\"201\" height=\"72\" style=\"float: right\"></div><div style=\"background-color: none ; height: 250px ; width: 100% ;\"></div><div style=\"border-top: #951abe, solid, 1px ; color: rgb(20, 20, 20); background-color: #d482ee ; height: 50px ; width: 100% ;\"><center><b><u>Welcome to CAP!</u></b><br>Here you can talk about Pokemon that you think should exist, deisgn them and maybe have them implemented!</center></div></div>","desc":"The Create-A-Pokémon project is here!","modchat":false},
{"title":"Corrupt Mods","aliases":["cm","corruption","badmods"],"auth":{"ithi":"+"},"desc":"For Punishing bad users yo."},
{"title":"Casino","isOfficial":true,"introMessage":"<div style=\"background-image: url('http://visitnatchez.org/wp-content/uploads/2016/02/MagBluff-Casino.png') ; background-size: 100%; background-repeat: no-repeat ;  border: solid, gold, 1px; height: 250px; width: 100%;\"><div title=\"THIS DIV IS FOR SPACING\" style=\"width: 100%; height: 2%; float: left;\"></div><div  title=\"THIS DIV IS FOR SPACING\" style=\"width: 1%; height: 70%; float: left;\"></div><div style=\"width: 25%; height: 70%; float: left;\"><br><button style=\"padding: 2px;border: double, 3px, gold; background-color: #990000; color: gold;  width: 75%;\" name=\"send\" value=\"/rules\">Room Rules</button><br><br><button style=\"padding: 2px;border: double, 3px, gold; background-color: #990000; color: gold;  width: 75%;\" name=\"send\" value=\"/roomauth\">Room Staff</button><br><br><a href=\"\" title=\"coming soon\"><button style=\"padding: 2px;border: double, 3px, gold; background-color: #990000; color: gold;  width: 75%;\">Website</button></a><br><br><button style=\"padding: 2px;border: double, 3px, gold; background-color: #990000; color: gold;  width: 75%;\" name=\"send\" value=\"/dicegame\">Start Dice (1)</button></div><div title=\"THIS DIV IS FOR SPACING\" style=\"width: 1%; height: 70%; float: left;\"></div><div  title=\"THIS DIV IS FOR SPACING\" style=\"width: 1%; height: 40%; float: right;\"></div><div style=\"width: 60%; height: 40%; float: right; text-align: center;\"><img src=\"//i.imgur.com/pSuDgur.png\" width=\"300\" height=\"75\"></div><div style=\"width: 1%; height: 40%; float: right;\"></div><div style=\"width: 100%; height: 78%;\"></div><center><div style=\"border: solid, 1px, gold; background-color: #990000; color: gold;  width: 98%; height: 23%;\"><strong><u>Welcome to Casino</u></strong><br>Here you can spend all those hard earned bucks on some dice games and try to win some extra shekels! Oy vey~♥</div></center></div>","auth":{"ransei":"#","audinory":"+","katheyisme123":"+","shivamrustagi":"+","alliancedarkrai":"&","bandi":"#"},"desc":"This is the Casino. You Gamble and Shit","leagueauth":{},"founder":"bandi"},
{"title":"Development","modchat":"+","isPrivate":"hidden","introMessage":"<font color='red'>The Development Room</font>","aliases":["dev"],"auth":{"thesakurai":"&","zenji":"♥","darknightskies":"#","uteruya":"+","jd":"#"},"leagueauth":{},"founder":"jd"},
{"title":"Tournaments","desc":"You play tours here. And you win stuff. So yeah.","auth":{"purpledragon24":"@","hirl123":"@","darkangeallenqq":"@","kennethkaneki":"★","kingdeacon":"%","audinory":"★","andrrew":"@","mrpugg":"+","noshayminfear":"@","verizor":"#"},"isOfficial":true,"introMessage":"<div style=\"border-top: gold, solid, 1px ; border-left: gold, solid, 1px ; background-image: url('http://2.media.dorkly.cvcdn.com/81/32/9db00c195206418e5a3e20de138c38af.jpg') ; background-size: 85% ; background-repeat: no-repeat ; width: 100%; height: 250px ;\"><img src=\"//i.imgur.com/HKpam0G.png\" width=\"350\" height=\"75\"><div style=\"border-bottom: gold, solid, 1px ; border-right: gold, solid, 1px ; border-left: gold, solid, 1px ; background-color: black ; float: right ; width: 15% ; height: 326px\"><center><img src=\"http://img.pokemondb.net/sprites/black-white/anim/normal/gurdurr.gif\" width=\"70\" height=\"81\"><br><img src=\"http://pldh.net/media/pokemon/gen3/rusa_action/073.gif\" width=\"71\" height=\"75\"><br><img src=\"http://img.pokemondb.net/sprites/black-white/anim/normal/terrakion.gif\" width=\"81\" height=\"61\"><br><img src=\"http://img.pokemondb.net/sprites/black-white/anim/normal/whimsicott.gif\" width=\"64\" height=\"71\"></center></div></div><div style=\"border-top: gold, solid, 1px ; border-left: gold, solid, 1px ; border-bottom: gold, solid, 1px ; color: gold ; background-color:black ; width: 85% ; height: 75px ;\"><center><strong><u>Welcome to Tournaments!</u></strong><br><br>Here you will find Official Tournaments where you can play for bucks or even some special prizes if verizor can be bothered!</center></div>","staffMessage":"<center><button name=\"send\" value=\"/poll create Tour Type?, Random, Smogon Based, Other Metas Based, Inverse, Host Chooses, Seasonal\">Pre-Tour Poll</button><br><br><button name=\"send\" value=\"/poll create Random Tour, Random Battle, Random Monotype, Battle Factory, Hackmons Cup, CC1v1, Gen 1 Randoms, Gen 2 Randoms\">Random Tour Poll</button>&emsp;&emsp;<button name=\"send\" value=\"/poll create Inverse Tour, Inverse, Inverse Monotype, Inverse Randoms, Inverse Random Monotype, Inverse Gen 1 Randbats, Inverse Gen 2 Randbats, Inverse CC1v1, Inverse Hackmons Cup\">Inverse Tour Poll</button><br><br><button name=\"send\" value=\"/poll create SmogTiers, OU, UU, RU, NU, PU, LC, Ubers, Monotype\">Skill Based Tour Poll</button>&emsp;&emsp;<button name=\"send\" value=\"/poll create Other Metas, Battle Factory, Monotype, Hackmons Cup, Tier Shift, Inverse, STABMons, Monotype Random Battle, Tier Shift\">Other Metas Poll</button></center>","toursEnabled":true,"modchat":false,"aliases":["tours"]},
{"title":"Jets Swag Hut","aliases":["jsh"],"isPrivate":"hidden"},
{"title":"Other Metas","auth":{"connni":"#"},"aliases":["om"],"introMessage":"<div style=\"height: 275px;\"><div style=\"background-image: url('http://www.smogon.com/tiers/om/banner.png'); background-size: 95%; background-position: left; background-repeat: no-repeat; color: white; font-size: 13px; width: 105%; height: 275px; float: left;\"></div></div><div style=\"padding: 5px; border: yellow, solid, 1px; background-color: #389dff; font-size: 15px; color: yellow; width: 97.8%; height: 34px;\"><center><button style=\"background-color: rgba(0,0,0, 0); border: gold, double, 4px; border-radius: 11px; font-size: 14px; color: yellow; padding: 3px;\"><a href=\"http://www.smogon.com/forums/threads/index-resources-found-here.3539819/\" style=\"color: yellow;\">OM Index</a></button> &ensp; |&ensp;| &ensp;<button style=\"background-color: rgba(0,0,0, 0); border: gold, double, 4px; border-radius: 11px; font-size: 14px; color: yellow; padding: 3px;\"><a href=\"http://www.smogon.com/forums/forums/other-metagames-analyses.310/\" style=\"color: yellow;\">OM Analysis</a></button> &ensp; |&ensp;| &ensp;<button style=\"background-color: rgba(0,0,0, 0); border: gold, double, 4px; border-radius: 11px; font-size: 14px; color: yellow; padding: 3px;\"><a href=\"comingsoon?\" style=\"color: yellow;\">Ironic SSB</a></button> &ensp; |&ensp;| &ensp;<button style=\"background-color: rgba(0,0,0, 0); border: gold, double, 4px; border-radius: 11px; font-size: 14px; color: yellow; padding: 3px;\" name=\"send\" value=\"/om\">OM Quickguide</button></center></div>","desc":"Play something different. Try some other metagames!","modchat":false},
{"title":"Darkrai's Dungeon","auth":{"basedadrian":"#","alliancedarkrai":"#"},"aliases":["dd"]},
{"title":"Tech & Coding","auth":{"kingdeacon":"#","mrpugg":"@","andrrew":"%","fairyofvalor":"+","alliancedarkrai":"+","darknightskies":"%"},"desc":"Code bots and other technical things.","introMessage":"<h1> <center> <b> Welcome to Tech & Coding. </b> </center></h1> Please feel free to bring bots or share techinal information. If you need help making a bot, ask it here and you'll get assistance. To learn more, try visiting <a href=\" http://stackoverflow.com\"> stackoverflow</a>. <p> For more info on HTML code, here' s a good HTML<a href=\"http://www.w3schools.com/html/\"> tutorial</a>. Java and Python programming language are also discussed. </p><p> <b> NOTE: WE DO NOT ALLOW OR CONDONE HACKING OF USERS OR SERVERS. </b> </p>","modchat":false},
{"title":"Valor League","auth":{"fairyofvalor":"#","sitthari":"+","mushkteer":"+","shivamrustagi":"@","hitorihanza":"@","samuahm":"@"},"desc":"League is still under construction.","modchat":false,"introMessage":"<h1> <center> <b> Welcome to the Valor League! </b> </center></h1> Here we enjoy fun tourneys, discuss topics, and if you're up for it, you can challenge or enter the league! Hope you enjoy your stay! :D <p> <b>Try doing /roomauth to see the members of the league!</b> </p>"},
{"title":"Rant Room","modjoin":"+","modchat":"+","isPrivate":"hidden"},
{"title":"roleplaying","aliases":["rp"],"isPrivate":"hidden","auth":{"spiritanaysha":"#","spiritteressa":"&"},"introMessage":"Welcome to Ludenberg Family Estate with Anaysha L. Ludenberg (Champion) and her sister Teressa L. Ludenberg (Champion), located on Moonscar Isle Plantation, with the most hottest peppers in the world, known as Blut-Jolokia Peppers (Ghost Pepper), the most wicked peppers planted in all of Cendria, growing only on Moonscar Isle. Currently backed by DBZ & Scooby Doo, also beware of nightly zombie attacks until 3:00 AM every night. Pokemon as the main theme to the series of the roleplay."},
{"title":"The Indian Goodness","aliases":["tig"],"auth":{"shivamrustagi":"#","fairyofvalor":"+","thefiremage":"★"},"introMessage":"<h1> <center> <b> The Indian Goodness </b> </center></h1> Celebrate Indian Goodness and culture with us! New users are always welcome! <p> <b> NOTE: No racism please. Thanks. </b> </p>","desc":"Discussing Indian Culture and goodness."},
{"title":"KevvysDen","isPrivate":"hidden","introMessage":"*insert bed here*","auth":{"audinory":"★","hitorihanza":"★"},"leagueauth":{},"founder":"audinory","modjoin":"~","modchat":"+"},
{"title":"Spirit League","auth":{"spiritanaysha":"#","spiritteressa":"&","shivamrustagi":"%","espirit":"&"},"desc":"League Intro to Spirit League","introMessage":"<div style=\"background-image: url(&quot;http://islamicquestions.net/wp-content/uploads/2014/04/100-How-do-materialists-explain-the-human-spirit.jpg&quot;) ; background-size: 130% ; border: solid\"><center><img src=\"//i.imgur.com/mZ1zHD0.png\" width=\"427\" height=\"69\"><br><button class=\"astext\" name=\"parseCommand\" value=\"/user Spirit Amakai\"><img src=\"//i.imgur.com/YiW7pPC.png\" height=\"80\" width=\"80\"><br><center><font style=\"color: white ; text-shadow: 2px 2px 4px black\">Spirit Amakai</font></center></button>&nbsp;&nbsp;<button class=\"astext\" name=\"parseCommand\" value=\"/user Spirit Erebus\"><img src=\"//orig02.deviantart.net/ef33/f/2012/164/7/5/isaac_lightbrad_trainer_sprite_by_sillytreebucket-d53dj2x.png\" height=\"80\" width=\"80\"><br><center><font style=\"color: white ; text-shadow: 2px 2px 4px black\">Spirit Erebus</font></center></button>&nbsp;&nbsp;<button class=\"astext\" name=\"parseCommand\" value=\"/user Spirit Mairy\"><img src=\"//i.imgur.com/lHZoqGn.png\" height=\"80\" width=\"80\"><br><center><font style=\"color: white ; text-shadow: 2px 2px 4px black\">Spirit Mairy</font></center></button>&nbsp;&nbsp;<br>&nbsp;&nbsp;<button class=\"astext\" name=\"parseCommand\" value=\"/user Spirit Raccoon\"><img src=\"//i.imgur.com/QYtN3jT.png\" height=\"80\" width=\"80\"><br><center><font style=\"color: white ; text-shadow: 2px 2px 4px black\">Spirit Raccoon</font></center></button>&nbsp;&nbsp;<button class=\"astext\" name=\"parseCommand\" value=\"/user PGLZer0\"><img src=\"//orig13.deviantart.net/f5cf/f/2015/124/1/0/naruto_kurama_mode_sprite__png__xrozz__xero__by_xrozz-d8s4ptw.png\" height=\"80\" width=\"80\"><br><center><font style=\"color: white ; text-shadow: 2px 2px 4px black\">Zer0</font></center></button><br><button class=\"astext\" name=\"parseCommand\" value=\"/user Eden Saiyan\"><img src=\"//i.imgur.com/qm9Ngtv.png\" height=\"80\" width=\"80\"><br><center><font style=\"color: white ; text-shadow: 2px 2px 4px black\">Eden Saiyan</font></center></button>&nbsp;&nbsp;<button class=\"astext\" name=\"parseCommand\" value=\"/user Videl Human\"><img src=\"//i.imgur.com/pOmMbwr.png\" height=\"80\" width=\"80\"><br><center><font style=\"color: white ; text-shadow: 2px 2px 4px black\">Videl Human</font></center></button><br><button style=\"border: 2px solid #0B3B0B ; background: #000000 ; box-shadow: 0px 1px 1px rgba(255 , 255 , 255 , 0.3) inset ; color: #fff ; text-shadow: 0px -1px 0px v ; border-radius: 3px ; margin: 3px ; padding: 2px 4px\"><b>P Holla - Do it for the love</b></button>&nbsp;&nbsp;<a href=\"https://docs.google.com/document/d/1lDEj6kRWBI7Ci_UJJ-6j2IIAHNy4YEtEjeJYOTFRJ34/edit\"><button style=\"border: 2px solid #0B3B0B ; background: #000000 ; box-shadow: 0px 1px 1px rgba(255 , 255 , 255 , 0.3) inset ; color: #fff ; text-shadow: 0px -1px 0px v ; border-radius: 3px ; margin: 3px ; padding: 2px 4px\"><b>Rules</b></button><a href=\"https://docs.google.com/spreadsheets/d/1uP1DILh-DfIDrJUz5EDyaVCgvpAtJno56a_Ukot8SxI/edit?usp=sharing\"><button style=\"border: 2px solid #0B3B0B ; background: #000000 ; box-shadow: 0px 1px 1px rgba(255 , 255 , 255 , 0.3) inset ; color: #fff ; text-shadow: 0px -1px 0px v ; border-radius: 3px ; margin: 3px ; padding: 2px 4px\"><b>Open Spaces</b></button>&nbsp;&nbsp;<br><audio src=\"http://puu.sh/mr0SS/f158d725bd.mp3\" controls=\"\" style=\"width: 65% ; border: 3px solid #0B3B0B ; background-color: #000000 ; border-radius: 10px\"></audio><br><div style=\"padding: 5px ; border: 2px solid #0B3B0B ; background: #000000 ; color: #0B3B0B ; text-shadow: 0px -1px 0px #000 ; border-radius: 5px ; margin: 3px\"><a style=\"color: #FFBF00\" target=\"_blank\"><marquee direction=\"left\">Welcome to Spirit League! Come on in and enjoy the fun! May the Articunos and Houndooms Live on! Enjoy your stay ^_^!!~ Zer0</marquee></a></div></a></a></center></div>"},
{"title":"Shadow Ban Room","isPrivate":true,"staffRoom":true,"staffAutojoin":true,"addedUsers":{},"introMessage":"<div class=\"broadcast-red\" style=\"padding: 3px 5px;\"><strong>Attention: this room will be deleted shortly.</strong><br />This room was either advertised, house to shitposting, or inactive. This room will be deleted by the next server restart.</div>"}
]